{"last_tab":"1","headingsection1":"Contact Info","t_title1":"Address","t_icon1":"fas fa-map-marker-alt","t_text1":"California, TX 70240","t_title2":"Email","t_icon2":"fas fa-envelope-open","t_text2":"Info@gmail.com","t_title3":"OFFICE HOURS","t_icon3":"fas fa-clock","t_text3":"Office Hours: 8:00 AM \u2013 7:45 PM","t_title4":"Have any Question?","t_icon4":"fas fa-phone","t_text4":"+123 456 7890","t_title5":"CONTACT","t_text5":"+123 456 7890","headingsection3":"Connect With Us","sicon1":"fab fa-facebook-f","sl1":"#","sicon2":"fab fa-twitter","sl2":"#","sicon3":"fab fa-linkedin-in","sl3":"#","headingsection2":"Additional Links","addtionalmenu1":"Additional Links","favicon":{"url":"https:\/\/wpriverthemes.com\/earna\/wp-content\/themes\/earna\/img\/favicon.png","id":"","height":"","width":"","thumbnail":""},"logo":{"url":"https:\/\/wpriverthemes.com\/earna\/wp-content\/themes\/earna\/img\/logo-light.png","id":"","height":"","width":"","thumbnail":""},"sticky-logo":{"url":"https:\/\/wpriverthemes.com\/earna\/wp-content\/themes\/earna\/img\/logo.png","id":"","height":"","width":"","thumbnail":""},"h_description":"Arrived compass prepare an on as. Reasonable particular on my it in sympathize. Size now easy eat hand how. Unwilling he departure elsewhere dejection at. Heart large seems may purse means few blind.","h_link1":"#","footerlogo":{"url":"https:\/\/wpriverthemes.com\/earna\/wp-content\/themes\/earna\/img\/logo-light.png","id":"","height":"","width":"","thumbnail":""},"footerlogo-sticky":{"url":"https:\/\/wpriverthemes.com\/earna\/wp-content\/themes\/earna\/img\/logo.png","id":"","height":"","width":"","thumbnail":""},"footerdes":"Excellence decisively nay man yet impression for contrasted remarkably. There spoke happy for you are out. Fertile how old address did showing.","copyright":"&copy; Copyright 2023. Earna WordPres Theme By WordPressRiver","addtionalmenu":"Footer Menu","footermenu1":"Quick Link","c1":"Quick Links","footermenu2":"Community","sol1":"Community","contactinfo1":"Contact Info","footericon1":"fas fa-map-marker-alt","footertitle1":"Address:","footertext1":"5919 Trussville Crossings Pkwy, Birmingham","footericon2":"fas fa-envelope","footertitle2":"Email:","footertext2":"Info@gmail.com","footericon3":"fas fa-phone","footertitle3":"Phone:","footertext3":"+123-456-7890","redux-backup":1}